wsn430-9.grenoble.iot-lab.info, 4.58154296875, 0.1126
wsn430-9.grenoble.iot-lab.info, 4.681396484375, 0.1124
wsn430-9.grenoble.iot-lab.info, 4.78125, 0.1124
wsn430-9.grenoble.iot-lab.info, 4.881103515625, 0.11270000000000001
wsn430-9.grenoble.iot-lab.info, 4.98095703125, 0.1124
wsn430-9.grenoble.iot-lab.info, 5.080810546875, 0.08080000000000001
wsn430-9.grenoble.iot-lab.info, 5.1806640625, 0.08080000000000001
wsn430-9.grenoble.iot-lab.info, 5.280517578125, 0.08080000000000001
wsn430-9.grenoble.iot-lab.info, 5.38037109375, 0.0806
wsn430-9.grenoble.iot-lab.info, 5.480224609375, 0.0806
wsn430-9.grenoble.iot-lab.info, 5.580078125, 0.0811
wsn430-9.grenoble.iot-lab.info, 5.679931640625, 0.08080000000000001
wsn430-9.grenoble.iot-lab.info, 5.77978515625, 0.0811
wsn430-9.grenoble.iot-lab.info, 5.879638671875, 0.08080000000000001
wsn430-9.grenoble.iot-lab.info, 5.9794921875, 0.0809
wsn430-9.grenoble.iot-lab.info, 6.079345703125, 0.1121
wsn430-9.grenoble.iot-lab.info, 6.17919921875, 0.1129
wsn430-9.grenoble.iot-lab.info, 6.279052734375, 0.11270000000000001
wsn430-9.grenoble.iot-lab.info, 6.37890625, 0.11270000000000001
wsn430-9.grenoble.iot-lab.info, 6.478759765625, 0.1126
wsn430-9.grenoble.iot-lab.info, 6.57861328125, 0.1126
wsn430-9.grenoble.iot-lab.info, 6.678466796875, 0.1126
wsn430-9.grenoble.iot-lab.info, 6.7783203125, 0.1126
wsn430-9.grenoble.iot-lab.info, 6.878173828125, 0.1126
wsn430-9.grenoble.iot-lab.info, 6.97802734375, 0.11270000000000001
wsn430-9.grenoble.iot-lab.info, 7.077880859375, 0.0826
wsn430-9.grenoble.iot-lab.info, 7.177734375, 0.08080000000000001
wsn430-9.grenoble.iot-lab.info, 7.277587890625, 0.0809
wsn430-9.grenoble.iot-lab.info, 7.37744140625, 0.0811
wsn430-9.grenoble.iot-lab.info, 7.477294921875, 0.0811
wsn430-9.grenoble.iot-lab.info, 7.5771484375, 0.0809
wsn430-9.grenoble.iot-lab.info, 7.677001953125, 0.0809
wsn430-9.grenoble.iot-lab.info, 7.77685546875, 0.0811
wsn430-9.grenoble.iot-lab.info, 7.876708984375, 0.08080000000000001
wsn430-9.grenoble.iot-lab.info, 7.9765625, 0.0811
wsn430-9.grenoble.iot-lab.info, 8.076416015625, 0.1029
wsn430-9.grenoble.iot-lab.info, 8.17626953125, 0.1126
wsn430-9.grenoble.iot-lab.info, 8.276123046875, 0.1124
wsn430-9.grenoble.iot-lab.info, 8.3759765625, 0.1126
wsn430-9.grenoble.iot-lab.info, 8.475830078125, 0.1126
wsn430-9.grenoble.iot-lab.info, 8.57568359375, 0.11270000000000001
wsn430-9.grenoble.iot-lab.info, 8.675537109375, 0.11270000000000001
wsn430-9.grenoble.iot-lab.info, 8.775390625, 0.1124
wsn430-9.grenoble.iot-lab.info, 8.875244140625, 0.1124
wsn430-9.grenoble.iot-lab.info, 8.97509765625, 0.11270000000000001
wsn430-9.grenoble.iot-lab.info, 9.074951171875, 0.0886
wsn430-9.grenoble.iot-lab.info, 9.1748046875, 0.0809
wsn430-9.grenoble.iot-lab.info, 9.274658203125, 0.0811
wsn430-9.grenoble.iot-lab.info, 9.37451171875, 0.0809
wsn430-9.grenoble.iot-lab.info, 9.474365234375, 0.08080000000000001
wsn430-9.grenoble.iot-lab.info, 9.57421875, 0.0809
wsn430-9.grenoble.iot-lab.info, 9.674072265625, 0.08080000000000001
wsn430-9.grenoble.iot-lab.info, 9.77392578125, 0.0806
wsn430-9.grenoble.iot-lab.info, 9.873779296875, 0.08080000000000001
wsn430-9.grenoble.iot-lab.info, 9.9736328125, 0.0809
wsn430-9.grenoble.iot-lab.info, 10.073486328125, 0.11320000000000001
wsn430-9.grenoble.iot-lab.info, 10.17333984375, 0.1126
wsn430-9.grenoble.iot-lab.info, 10.273193359375, 0.11270000000000001
wsn430-9.grenoble.iot-lab.info, 10.373046875, 0.1126
wsn430-9.grenoble.iot-lab.info, 10.472900390625, 0.1124
wsn430-9.grenoble.iot-lab.info, 10.57275390625, 0.11270000000000001
wsn430-9.grenoble.iot-lab.info, 10.672607421875, 0.1124
wsn430-9.grenoble.iot-lab.info, 10.7724609375, 0.1124
wsn430-9.grenoble.iot-lab.info, 10.872314453125, 0.1124
wsn430-9.grenoble.iot-lab.info, 10.97216796875, 0.1124
wsn430-9.grenoble.iot-lab.info, 11.072021484375, 0.0722
wsn430-9.grenoble.iot-lab.info, 11.171875, 0.08080000000000001
wsn430-9.grenoble.iot-lab.info, 11.271728515625, 0.0811
wsn430-9.grenoble.iot-lab.info, 11.37158203125, 0.0806
wsn430-9.grenoble.iot-lab.info, 11.471435546875, 0.0806
wsn430-9.grenoble.iot-lab.info, 11.5712890625, 0.08080000000000001
wsn430-9.grenoble.iot-lab.info, 11.671142578125, 0.08080000000000001
wsn430-9.grenoble.iot-lab.info, 11.77099609375, 0.0809
wsn430-9.grenoble.iot-lab.info, 11.870849609375, 0.08080000000000001
wsn430-9.grenoble.iot-lab.info, 11.970703125, 0.0809
wsn430-9.grenoble.iot-lab.info, 12.070556640625, 0.0906
wsn430-9.grenoble.iot-lab.info, 12.17041015625, 0.1129
wsn430-9.grenoble.iot-lab.info, 12.270263671875, 0.1124
wsn430-9.grenoble.iot-lab.info, 12.3701171875, 0.11270000000000001
wsn430-9.grenoble.iot-lab.info, 12.469970703125, 0.1124
wsn430-9.grenoble.iot-lab.info, 12.56982421875, 0.11220000000000001
wsn430-9.grenoble.iot-lab.info, 12.669677734375, 0.1126
wsn430-9.grenoble.iot-lab.info, 12.76953125, 0.1126
wsn430-9.grenoble.iot-lab.info, 12.869384765625, 0.1126
wsn430-9.grenoble.iot-lab.info, 12.96923828125, 0.1126
wsn430-9.grenoble.iot-lab.info, 13.069091796875, 0.0809
wsn430-9.grenoble.iot-lab.info, 13.1689453125, 0.08080000000000001
wsn430-9.grenoble.iot-lab.info, 13.268798828125, 0.08080000000000001
wsn430-9.grenoble.iot-lab.info, 13.36865234375, 0.0809
wsn430-9.grenoble.iot-lab.info, 13.468505859375, 0.0809
wsn430-9.grenoble.iot-lab.info, 13.568359375, 0.08080000000000001
wsn430-9.grenoble.iot-lab.info, 13.668212890625, 0.0806
wsn430-9.grenoble.iot-lab.info, 13.76806640625, 0.0806
wsn430-9.grenoble.iot-lab.info, 13.867919921875, 0.0806
wsn430-9.grenoble.iot-lab.info, 13.9677734375, 0.08080000000000001
wsn430-9.grenoble.iot-lab.info, 14.067626953125, 0.1068
wsn430-9.grenoble.iot-lab.info, 14.16748046875, 0.1126
wsn430-9.grenoble.iot-lab.info, 14.267333984375, 0.1126
wsn430-9.grenoble.iot-lab.info, 14.3671875, 0.1126
wsn430-9.grenoble.iot-lab.info, 14.467041015625, 0.1129
wsn430-9.grenoble.iot-lab.info, 14.56689453125, 0.11270000000000001
wsn430-9.grenoble.iot-lab.info, 14.666748046875, 0.1124
wsn430-9.grenoble.iot-lab.info, 14.7666015625, 0.11220000000000001
wsn430-9.grenoble.iot-lab.info, 14.866455078125, 0.1126
wsn430-9.grenoble.iot-lab.info, 14.96630859375, 0.1126
wsn430-9.grenoble.iot-lab.info, 15.066162109375, 0.085
wsn430-9.grenoble.iot-lab.info, 15.166015625, 0.08080000000000001
wsn430-9.grenoble.iot-lab.info, 15.265869140625, 0.0806
wsn430-9.grenoble.iot-lab.info, 15.36572265625, 0.0809
wsn430-9.grenoble.iot-lab.info, 15.465576171875, 0.0806
wsn430-9.grenoble.iot-lab.info, 15.5654296875, 0.08080000000000001
wsn430-9.grenoble.iot-lab.info, 15.665283203125, 0.08080000000000001
wsn430-9.grenoble.iot-lab.info, 15.76513671875, 0.08080000000000001
wsn430-9.grenoble.iot-lab.info, 15.864990234375, 0.0809
wsn430-9.grenoble.iot-lab.info, 15.96484375, 0.08080000000000001
wsn430-9.grenoble.iot-lab.info, 16.064697265625, 0.0719
wsn430-9.grenoble.iot-lab.info, 16.16455078125, 0.11270000000000001
wsn430-9.grenoble.iot-lab.info, 16.264404296875, 0.11270000000000001
wsn430-9.grenoble.iot-lab.info, 16.3642578125, 0.11220000000000001
wsn430-9.grenoble.iot-lab.info, 16.464111328125, 0.1126
wsn430-9.grenoble.iot-lab.info, 16.56396484375, 0.11220000000000001
wsn430-9.grenoble.iot-lab.info, 16.663818359375, 0.11270000000000001
wsn430-9.grenoble.iot-lab.info, 16.763671875, 0.1126
wsn430-9.grenoble.iot-lab.info, 16.863525390625, 0.11220000000000001
wsn430-9.grenoble.iot-lab.info, 16.96337890625, 0.11220000000000001
wsn430-9.grenoble.iot-lab.info, 17.063232421875, 0.0683
wsn430-9.grenoble.iot-lab.info, 17.1630859375, 0.0809
wsn430-9.grenoble.iot-lab.info, 17.262939453125, 0.0809
wsn430-9.grenoble.iot-lab.info, 17.36279296875, 0.0806
wsn430-9.grenoble.iot-lab.info, 17.462646484375, 0.08080000000000001
wsn430-9.grenoble.iot-lab.info, 17.5625, 0.0809
wsn430-9.grenoble.iot-lab.info, 17.662353515625, 0.08080000000000001
wsn430-9.grenoble.iot-lab.info, 17.76220703125, 0.08080000000000001
wsn430-9.grenoble.iot-lab.info, 17.862060546875, 0.0809
wsn430-9.grenoble.iot-lab.info, 17.9619140625, 0.08080000000000001
wsn430-9.grenoble.iot-lab.info, 18.061767578125, 0.0897
wsn430-9.grenoble.iot-lab.info, 18.16162109375, 0.1126
wsn430-9.grenoble.iot-lab.info, 18.261474609375, 0.1126
wsn430-9.grenoble.iot-lab.info, 18.361328125, 0.11220000000000001
wsn430-9.grenoble.iot-lab.info, 18.461181640625, 0.1124
wsn430-9.grenoble.iot-lab.info, 18.56103515625, 0.1126
wsn430-9.grenoble.iot-lab.info, 18.660888671875, 0.1126
wsn430-9.grenoble.iot-lab.info, 18.7607421875, 0.1124
wsn430-9.grenoble.iot-lab.info, 18.860595703125, 0.1124
wsn430-9.grenoble.iot-lab.info, 18.96044921875, 0.11220000000000001
wsn430-9.grenoble.iot-lab.info, 19.060302734375, 0.1034
wsn430-9.grenoble.iot-lab.info, 19.16015625, 0.0809
wsn430-9.grenoble.iot-lab.info, 19.260009765625, 0.08080000000000001
wsn430-9.grenoble.iot-lab.info, 19.35986328125, 0.0809
wsn430-9.grenoble.iot-lab.info, 19.459716796875, 0.08080000000000001
wsn430-9.grenoble.iot-lab.info, 19.5595703125, 0.08080000000000001
wsn430-9.grenoble.iot-lab.info, 19.659423828125, 0.0809
wsn430-9.grenoble.iot-lab.info, 19.75927734375, 0.08080000000000001
wsn430-9.grenoble.iot-lab.info, 19.859130859375, 0.08080000000000001
wsn430-9.grenoble.iot-lab.info, 19.958984375, 0.0811
wsn430-9.grenoble.iot-lab.info, 20.058837890625, 0.1109
wsn430-9.grenoble.iot-lab.info, 20.15869140625, 0.1126
wsn430-9.grenoble.iot-lab.info, 20.258544921875, 0.1126
wsn430-9.grenoble.iot-lab.info, 20.3583984375, 0.1126
wsn430-9.grenoble.iot-lab.info, 20.458251953125, 0.1126
wsn430-9.grenoble.iot-lab.info, 20.55810546875, 0.1124
wsn430-9.grenoble.iot-lab.info, 20.657958984375, 0.1124
wsn430-9.grenoble.iot-lab.info, 20.7578125, 0.11270000000000001
wsn430-9.grenoble.iot-lab.info, 20.857666015625, 0.1124
wsn430-9.grenoble.iot-lab.info, 20.95751953125, 0.11220000000000001
wsn430-9.grenoble.iot-lab.info, 21.057373046875, 0.0829
wsn430-9.grenoble.iot-lab.info, 21.1572265625, 0.0811
wsn430-9.grenoble.iot-lab.info, 21.257080078125, 0.0809
wsn430-9.grenoble.iot-lab.info, 21.35693359375, 0.0809
wsn430-9.grenoble.iot-lab.info, 21.456787109375, 0.08080000000000001
wsn430-9.grenoble.iot-lab.info, 21.556640625, 0.08080000000000001
wsn430-9.grenoble.iot-lab.info, 21.656494140625, 0.08080000000000001
wsn430-9.grenoble.iot-lab.info, 21.75634765625, 0.0809
wsn430-9.grenoble.iot-lab.info, 21.856201171875, 0.08080000000000001
wsn430-9.grenoble.iot-lab.info, 21.9560546875, 0.08080000000000001
wsn430-9.grenoble.iot-lab.info, 22.055908203125, 0.0757
wsn430-9.grenoble.iot-lab.info, 22.15576171875, 0.1124
wsn430-9.grenoble.iot-lab.info, 22.255615234375, 0.11220000000000001
wsn430-9.grenoble.iot-lab.info, 22.35546875, 0.1126
wsn430-9.grenoble.iot-lab.info, 22.455322265625, 0.1126
wsn430-9.grenoble.iot-lab.info, 22.55517578125, 0.1126
wsn430-9.grenoble.iot-lab.info, 22.655029296875, 0.1126
wsn430-9.grenoble.iot-lab.info, 22.7548828125, 0.11220000000000001
wsn430-9.grenoble.iot-lab.info, 22.854736328125, 0.1124
wsn430-9.grenoble.iot-lab.info, 22.95458984375, 0.1124
wsn430-9.grenoble.iot-lab.info, 23.054443359375, 0.06420000000000001
wsn430-9.grenoble.iot-lab.info, 23.154296875, 0.08080000000000001
wsn430-9.grenoble.iot-lab.info, 23.254150390625, 0.0809
wsn430-9.grenoble.iot-lab.info, 23.35400390625, 0.0809
wsn430-9.grenoble.iot-lab.info, 23.453857421875, 0.08080000000000001
wsn430-9.grenoble.iot-lab.info, 23.5537109375, 0.0811
wsn430-9.grenoble.iot-lab.info, 23.653564453125, 0.08080000000000001
wsn430-9.grenoble.iot-lab.info, 23.75341796875, 0.0806
wsn430-9.grenoble.iot-lab.info, 23.853271484375, 0.08080000000000001
wsn430-9.grenoble.iot-lab.info, 23.953125, 0.08080000000000001
wsn430-9.grenoble.iot-lab.info, 24.052978515625, 0.0653
wsn430-9.grenoble.iot-lab.info, 24.15283203125, 0.1124
wsn430-9.grenoble.iot-lab.info, 24.252685546875, 0.11220000000000001
wsn430-9.grenoble.iot-lab.info, 24.3525390625, 0.1126
wsn430-9.grenoble.iot-lab.info, 24.452392578125, 0.1124
wsn430-9.grenoble.iot-lab.info, 24.55224609375, 0.1124
wsn430-9.grenoble.iot-lab.info, 24.652099609375, 0.11220000000000001
wsn430-9.grenoble.iot-lab.info, 24.751953125, 0.11220000000000001
wsn430-9.grenoble.iot-lab.info, 24.851806640625, 0.1124
wsn430-9.grenoble.iot-lab.info, 24.95166015625, 0.1124
wsn430-9.grenoble.iot-lab.info, 25.051513671875, 0.0734
wsn430-9.grenoble.iot-lab.info, 25.1513671875, 0.08080000000000001
wsn430-9.grenoble.iot-lab.info, 25.251220703125, 0.0806
wsn430-9.grenoble.iot-lab.info, 25.35107421875, 0.08080000000000001
wsn430-9.grenoble.iot-lab.info, 25.450927734375, 0.0806
wsn430-9.grenoble.iot-lab.info, 25.55078125, 0.08080000000000001
wsn430-9.grenoble.iot-lab.info, 25.650634765625, 0.0806
wsn430-9.grenoble.iot-lab.info, 25.75048828125, 0.0806
wsn430-9.grenoble.iot-lab.info, 25.850341796875, 0.0806
wsn430-9.grenoble.iot-lab.info, 25.9501953125, 0.08080000000000001
wsn430-9.grenoble.iot-lab.info, 26.050048828125, 0.1145
wsn430-9.grenoble.iot-lab.info, 26.14990234375, 0.11270000000000001
wsn430-9.grenoble.iot-lab.info, 26.249755859375, 0.1121
wsn430-9.grenoble.iot-lab.info, 26.349609375, 0.1124
wsn430-9.grenoble.iot-lab.info, 26.449462890625, 0.1124
wsn430-9.grenoble.iot-lab.info, 26.54931640625, 0.11220000000000001
wsn430-9.grenoble.iot-lab.info, 26.649169921875, 0.1124
wsn430-9.grenoble.iot-lab.info, 26.7490234375, 0.1124
wsn430-9.grenoble.iot-lab.info, 26.848876953125, 0.11220000000000001
wsn430-9.grenoble.iot-lab.info, 26.94873046875, 0.1126
wsn430-9.grenoble.iot-lab.info, 27.048583984375, 0.1085
wsn430-9.grenoble.iot-lab.info, 27.1484375, 0.08080000000000001
wsn430-9.grenoble.iot-lab.info, 27.248291015625, 0.08080000000000001
wsn430-9.grenoble.iot-lab.info, 27.34814453125, 0.08080000000000001
wsn430-9.grenoble.iot-lab.info, 27.447998046875, 0.0809
wsn430-9.grenoble.iot-lab.info, 27.5478515625, 0.08080000000000001
wsn430-9.grenoble.iot-lab.info, 27.647705078125, 0.0806
wsn430-9.grenoble.iot-lab.info, 27.74755859375, 0.0806
wsn430-9.grenoble.iot-lab.info, 27.847412109375, 0.0806
wsn430-9.grenoble.iot-lab.info, 27.947265625, 0.08080000000000001
wsn430-9.grenoble.iot-lab.info, 28.047119140625, 0.1052
wsn430-9.grenoble.iot-lab.info, 28.14697265625, 0.1124
wsn430-9.grenoble.iot-lab.info, 28.246826171875, 0.11220000000000001
wsn430-9.grenoble.iot-lab.info, 28.3466796875, 0.1124
wsn430-9.grenoble.iot-lab.info, 28.446533203125, 0.1121
wsn430-9.grenoble.iot-lab.info, 28.54638671875, 0.1124
wsn430-9.grenoble.iot-lab.info, 28.646240234375, 0.1124
wsn430-9.grenoble.iot-lab.info, 28.74609375, 0.1126
wsn430-9.grenoble.iot-lab.info, 28.845947265625, 0.1124
wsn430-9.grenoble.iot-lab.info, 28.94580078125, 0.1124
wsn430-9.grenoble.iot-lab.info, 29.045654296875, 0.0855
wsn430-9.grenoble.iot-lab.info, 29.1455078125, 0.0809
wsn430-9.grenoble.iot-lab.info, 29.245361328125, 0.0809
wsn430-9.grenoble.iot-lab.info, 29.34521484375, 0.0809
wsn430-9.grenoble.iot-lab.info, 29.445068359375, 0.08080000000000001
wsn430-9.grenoble.iot-lab.info, 29.544921875, 0.08080000000000001
wsn430-9.grenoble.iot-lab.info, 29.644775390625, 0.0809
wsn430-9.grenoble.iot-lab.info, 29.74462890625, 0.0806
wsn430-9.grenoble.iot-lab.info, 29.844482421875, 0.08080000000000001
wsn430-9.grenoble.iot-lab.info, 29.9443359375, 0.08080000000000001
wsn430-9.grenoble.iot-lab.info, 30.044189453125, 0.0702
wsn430-9.grenoble.iot-lab.info, 30.14404296875, 0.11220000000000001
wsn430-9.grenoble.iot-lab.info, 30.243896484375, 0.11220000000000001
wsn430-9.grenoble.iot-lab.info, 30.34375, 0.11220000000000001
wsn430-9.grenoble.iot-lab.info, 30.443603515625, 0.1124
wsn430-9.grenoble.iot-lab.info, 30.54345703125, 0.1124
wsn430-9.grenoble.iot-lab.info, 30.643310546875, 0.1124
wsn430-9.grenoble.iot-lab.info, 30.7431640625, 0.1126
wsn430-9.grenoble.iot-lab.info, 30.843017578125, 0.1126
wsn430-9.grenoble.iot-lab.info, 30.94287109375, 0.1124
wsn430-9.grenoble.iot-lab.info, 31.042724609375, 0.0694
wsn430-9.grenoble.iot-lab.info, 31.142578125, 0.0806
wsn430-9.grenoble.iot-lab.info, 31.242431640625, 0.0806
wsn430-9.grenoble.iot-lab.info, 31.34228515625, 0.0806
wsn430-9.grenoble.iot-lab.info, 31.442138671875, 0.0806
wsn430-9.grenoble.iot-lab.info, 31.5419921875, 0.08080000000000001
wsn430-9.grenoble.iot-lab.info, 31.641845703125, 0.0806
wsn430-9.grenoble.iot-lab.info, 31.74169921875, 0.08080000000000001
wsn430-9.grenoble.iot-lab.info, 31.841552734375, 0.08080000000000001
wsn430-9.grenoble.iot-lab.info, 31.94140625, 0.08080000000000001
wsn430-9.grenoble.iot-lab.info, 32.041259765625, 0.08310000000000001
wsn430-9.grenoble.iot-lab.info, 32.14111328125, 0.1121
wsn430-9.grenoble.iot-lab.info, 32.240966796875, 0.1124
wsn430-9.grenoble.iot-lab.info, 32.3408203125, 0.11220000000000001
wsn430-9.grenoble.iot-lab.info, 32.440673828125, 0.11220000000000001
wsn430-9.grenoble.iot-lab.info, 32.54052734375, 0.1126
wsn430-9.grenoble.iot-lab.info, 32.640380859375, 0.1121
wsn430-9.grenoble.iot-lab.info, 32.740234375, 0.11220000000000001
wsn430-9.grenoble.iot-lab.info, 32.840087890625, 0.11220000000000001
wsn430-9.grenoble.iot-lab.info, 32.93994140625, 0.1124
wsn430-9.grenoble.iot-lab.info, 33.039794921875, 0.10450000000000001
wsn430-9.grenoble.iot-lab.info, 33.1396484375, 0.0809
wsn430-9.grenoble.iot-lab.info, 33.239501953125, 0.08080000000000001
wsn430-9.grenoble.iot-lab.info, 33.33935546875, 0.08080000000000001
wsn430-9.grenoble.iot-lab.info, 33.439208984375, 0.0806
wsn430-9.grenoble.iot-lab.info, 33.5390625, 0.0806
wsn430-9.grenoble.iot-lab.info, 33.638916015625, 0.0809
wsn430-9.grenoble.iot-lab.info, 33.73876953125, 0.0806
wsn430-9.grenoble.iot-lab.info, 33.838623046875, 0.0809
wsn430-9.grenoble.iot-lab.info, 33.9384765625, 0.0806
wsn430-9.grenoble.iot-lab.info, 34.038330078125, 0.10930000000000001
wsn430-9.grenoble.iot-lab.info, 34.13818359375, 0.1126
wsn430-9.grenoble.iot-lab.info, 34.238037109375, 0.1124
wsn430-9.grenoble.iot-lab.info, 34.337890625, 0.1121
wsn430-9.grenoble.iot-lab.info, 34.437744140625, 0.1119
wsn430-9.grenoble.iot-lab.info, 34.53759765625, 0.1124
wsn430-9.grenoble.iot-lab.info, 34.637451171875, 0.1124
wsn430-9.grenoble.iot-lab.info, 34.7373046875, 0.1119
wsn430-9.grenoble.iot-lab.info, 34.837158203125, 0.1121
wsn430-9.grenoble.iot-lab.info, 34.93701171875, 0.1121
wsn430-9.grenoble.iot-lab.info, 35.036865234375, 0.1106
wsn430-9.grenoble.iot-lab.info, 35.13671875, 0.0806
wsn430-9.grenoble.iot-lab.info, 35.236572265625, 0.08080000000000001
wsn430-9.grenoble.iot-lab.info, 35.33642578125, 0.0806
wsn430-9.grenoble.iot-lab.info, 35.436279296875, 0.0806
wsn430-9.grenoble.iot-lab.info, 35.5361328125, 0.08080000000000001
wsn430-9.grenoble.iot-lab.info, 35.635986328125, 0.08080000000000001
wsn430-9.grenoble.iot-lab.info, 35.73583984375, 0.08030000000000001
wsn430-9.grenoble.iot-lab.info, 35.835693359375, 0.0804
wsn430-9.grenoble.iot-lab.info, 35.935546875, 0.08080000000000001
wsn430-9.grenoble.iot-lab.info, 36.035400390625, 0.0745
wsn430-9.grenoble.iot-lab.info, 36.13525390625, 0.1124
wsn430-9.grenoble.iot-lab.info, 36.235107421875, 0.1124
wsn430-9.grenoble.iot-lab.info, 36.3349609375, 0.11220000000000001
wsn430-9.grenoble.iot-lab.info, 36.434814453125, 0.11220000000000001
wsn430-9.grenoble.iot-lab.info, 36.53466796875, 0.11220000000000001
wsn430-9.grenoble.iot-lab.info, 36.634521484375, 0.1119
wsn430-9.grenoble.iot-lab.info, 36.734375, 0.1121
wsn430-9.grenoble.iot-lab.info, 36.834228515625, 0.11220000000000001
wsn430-9.grenoble.iot-lab.info, 36.93408203125, 0.1126
wsn430-9.grenoble.iot-lab.info, 37.033935546875, 0.06520000000000001
wsn430-9.grenoble.iot-lab.info, 37.1337890625, 0.0806
wsn430-9.grenoble.iot-lab.info, 37.233642578125, 0.0804
wsn430-9.grenoble.iot-lab.info, 37.33349609375, 0.08080000000000001
wsn430-9.grenoble.iot-lab.info, 37.433349609375, 0.08080000000000001
wsn430-9.grenoble.iot-lab.info, 37.533203125, 0.08080000000000001
wsn430-9.grenoble.iot-lab.info, 37.633056640625, 0.0806
wsn430-9.grenoble.iot-lab.info, 37.73291015625, 0.0806
wsn430-9.grenoble.iot-lab.info, 37.832763671875, 0.0806
wsn430-9.grenoble.iot-lab.info, 37.9326171875, 0.08080000000000001
wsn430-9.grenoble.iot-lab.info, 38.032470703125, 0.0888
wsn430-9.grenoble.iot-lab.info, 38.13232421875, 0.1124
wsn430-9.grenoble.iot-lab.info, 38.232177734375, 0.1124
wsn430-9.grenoble.iot-lab.info, 38.33203125, 0.11220000000000001
wsn430-9.grenoble.iot-lab.info, 38.431884765625, 0.1119
wsn430-9.grenoble.iot-lab.info, 38.53173828125, 0.1124
wsn430-9.grenoble.iot-lab.info, 38.631591796875, 0.1124
wsn430-9.grenoble.iot-lab.info, 38.7314453125, 0.1124
wsn430-9.grenoble.iot-lab.info, 38.831298828125, 0.11220000000000001
wsn430-9.grenoble.iot-lab.info, 38.93115234375, 0.11220000000000001
wsn430-9.grenoble.iot-lab.info, 39.031005859375, 0.0747
wsn430-9.grenoble.iot-lab.info, 39.130859375, 0.0804
wsn430-9.grenoble.iot-lab.info, 39.230712890625, 0.0806
wsn430-9.grenoble.iot-lab.info, 39.33056640625, 0.0806
wsn430-9.grenoble.iot-lab.info, 39.430419921875, 0.08080000000000001
wsn430-9.grenoble.iot-lab.info, 39.5302734375, 0.08080000000000001
wsn430-9.grenoble.iot-lab.info, 39.630126953125, 0.0806
wsn430-9.grenoble.iot-lab.info, 39.72998046875, 0.0806
wsn430-9.grenoble.iot-lab.info, 39.829833984375, 0.0806
wsn430-9.grenoble.iot-lab.info, 39.9296875, 0.0806
wsn430-9.grenoble.iot-lab.info, 40.029541015625, 0.08080000000000001
wsn430-9.grenoble.iot-lab.info, 40.12939453125, 0.11220000000000001
wsn430-9.grenoble.iot-lab.info, 40.229248046875, 0.11220000000000001
wsn430-9.grenoble.iot-lab.info, 40.3291015625, 0.11220000000000001
wsn430-9.grenoble.iot-lab.info, 40.428955078125, 0.1126
wsn430-9.grenoble.iot-lab.info, 40.52880859375, 0.11220000000000001
wsn430-9.grenoble.iot-lab.info, 40.628662109375, 0.1119
wsn430-9.grenoble.iot-lab.info, 40.728515625, 0.11220000000000001
wsn430-9.grenoble.iot-lab.info, 40.828369140625, 0.1121
wsn430-9.grenoble.iot-lab.info, 40.92822265625, 0.1124
wsn430-9.grenoble.iot-lab.info, 41.028076171875, 0.10880000000000001
wsn430-9.grenoble.iot-lab.info, 41.1279296875, 0.0806
wsn430-9.grenoble.iot-lab.info, 41.227783203125, 0.0806
wsn430-9.grenoble.iot-lab.info, 41.32763671875, 0.08080000000000001
wsn430-9.grenoble.iot-lab.info, 41.427490234375, 0.0806
wsn430-9.grenoble.iot-lab.info, 41.52734375, 0.0806
wsn430-9.grenoble.iot-lab.info, 41.627197265625, 0.0806
wsn430-9.grenoble.iot-lab.info, 41.72705078125, 0.08080000000000001
wsn430-9.grenoble.iot-lab.info, 41.826904296875, 0.0809
wsn430-9.grenoble.iot-lab.info, 41.9267578125, 0.08080000000000001
wsn430-9.grenoble.iot-lab.info, 42.026611328125, 0.1039
wsn430-9.grenoble.iot-lab.info, 42.12646484375, 0.1124
wsn430-9.grenoble.iot-lab.info, 42.226318359375, 0.1124
wsn430-9.grenoble.iot-lab.info, 42.326171875, 0.11220000000000001
wsn430-9.grenoble.iot-lab.info, 42.426025390625, 0.11220000000000001
wsn430-9.grenoble.iot-lab.info, 42.52587890625, 0.1124
wsn430-9.grenoble.iot-lab.info, 42.625732421875, 0.1124
wsn430-9.grenoble.iot-lab.info, 42.7255859375, 0.1126
wsn430-9.grenoble.iot-lab.info, 42.825439453125, 0.1121
wsn430-9.grenoble.iot-lab.info, 42.92529296875, 0.11220000000000001
wsn430-9.grenoble.iot-lab.info, 43.025146484375, 0.11220000000000001
wsn430-9.grenoble.iot-lab.info, 43.125, 0.08080000000000001
wsn430-9.grenoble.iot-lab.info, 43.224853515625, 0.08080000000000001
wsn430-9.grenoble.iot-lab.info, 43.32470703125, 0.0804
wsn430-9.grenoble.iot-lab.info, 43.424560546875, 0.0809
wsn430-9.grenoble.iot-lab.info, 43.5244140625, 0.0804
wsn430-9.grenoble.iot-lab.info, 43.624267578125, 0.08080000000000001
wsn430-9.grenoble.iot-lab.info, 43.72412109375, 0.0809
wsn430-9.grenoble.iot-lab.info, 43.823974609375, 0.0809
wsn430-9.grenoble.iot-lab.info, 43.923828125, 0.08080000000000001
wsn430-9.grenoble.iot-lab.info, 44.023681640625, 0.06910000000000001
wsn430-9.grenoble.iot-lab.info, 44.12353515625, 0.11220000000000001
wsn430-9.grenoble.iot-lab.info, 44.223388671875, 0.11220000000000001
wsn430-9.grenoble.iot-lab.info, 44.3232421875, 0.11220000000000001
wsn430-9.grenoble.iot-lab.info, 44.423095703125, 0.1126
wsn430-9.grenoble.iot-lab.info, 44.52294921875, 0.1124
wsn430-9.grenoble.iot-lab.info, 44.622802734375, 0.1126
wsn430-9.grenoble.iot-lab.info, 44.72265625, 0.1124
wsn430-9.grenoble.iot-lab.info, 44.822509765625, 0.11220000000000001
wsn430-9.grenoble.iot-lab.info, 44.92236328125, 0.1124
wsn430-9.grenoble.iot-lab.info, 45.022216796875, 0.0709
wsn430-9.grenoble.iot-lab.info, 45.1220703125, 0.0806
wsn430-9.grenoble.iot-lab.info, 45.221923828125, 0.08080000000000001
wsn430-9.grenoble.iot-lab.info, 45.32177734375, 0.0806
wsn430-9.grenoble.iot-lab.info, 45.421630859375, 0.08080000000000001
wsn430-9.grenoble.iot-lab.info, 45.521484375, 0.0809
wsn430-9.grenoble.iot-lab.info, 45.621337890625, 0.0809
wsn430-9.grenoble.iot-lab.info, 45.72119140625, 0.0809
wsn430-9.grenoble.iot-lab.info, 45.821044921875, 0.0809
wsn430-9.grenoble.iot-lab.info, 45.9208984375, 0.08080000000000001
wsn430-9.grenoble.iot-lab.info, 46.020751953125, 0.0809
wsn430-9.grenoble.iot-lab.info, 46.12060546875, 0.1124
wsn430-9.grenoble.iot-lab.info, 46.220458984375, 0.1126
wsn430-9.grenoble.iot-lab.info, 46.3203125, 0.1124
wsn430-9.grenoble.iot-lab.info, 46.420166015625, 0.1121
wsn430-9.grenoble.iot-lab.info, 46.52001953125, 0.1124
wsn430-9.grenoble.iot-lab.info, 46.619873046875, 0.1124
wsn430-9.grenoble.iot-lab.info, 46.7197265625, 0.11220000000000001
wsn430-9.grenoble.iot-lab.info, 46.819580078125, 0.11220000000000001
wsn430-9.grenoble.iot-lab.info, 46.91943359375, 0.11170000000000001
wsn430-9.grenoble.iot-lab.info, 47.019287109375, 0.1062
wsn430-9.grenoble.iot-lab.info, 47.119140625, 0.0804
wsn430-9.grenoble.iot-lab.info, 47.218994140625, 0.0806
wsn430-9.grenoble.iot-lab.info, 47.31884765625, 0.08080000000000001
wsn430-9.grenoble.iot-lab.info, 47.418701171875, 0.0806
wsn430-9.grenoble.iot-lab.info, 47.5185546875, 0.0806
wsn430-9.grenoble.iot-lab.info, 47.618408203125, 0.0806
wsn430-9.grenoble.iot-lab.info, 47.71826171875, 0.0804
wsn430-9.grenoble.iot-lab.info, 47.818115234375, 0.0806
wsn430-9.grenoble.iot-lab.info, 47.91796875, 0.08080000000000001
wsn430-9.grenoble.iot-lab.info, 48.017822265625, 0.0804
wsn430-9.grenoble.iot-lab.info, 48.11767578125, 0.1121
wsn430-9.grenoble.iot-lab.info, 48.217529296875, 0.1121
wsn430-9.grenoble.iot-lab.info, 48.3173828125, 0.11220000000000001
wsn430-9.grenoble.iot-lab.info, 48.417236328125, 0.1119
wsn430-9.grenoble.iot-lab.info, 48.51708984375, 0.11170000000000001
wsn430-9.grenoble.iot-lab.info, 48.616943359375, 0.11220000000000001
wsn430-9.grenoble.iot-lab.info, 48.716796875, 0.1124
wsn430-9.grenoble.iot-lab.info, 48.816650390625, 0.11220000000000001
wsn430-9.grenoble.iot-lab.info, 48.91650390625, 0.11220000000000001
wsn430-9.grenoble.iot-lab.info, 49.016357421875, 0.11120000000000001
wsn430-9.grenoble.iot-lab.info, 49.1162109375, 0.0806
wsn430-9.grenoble.iot-lab.info, 49.216064453125, 0.08080000000000001
wsn430-9.grenoble.iot-lab.info, 49.31591796875, 0.08080000000000001
wsn430-9.grenoble.iot-lab.info, 49.415771484375, 0.0806
wsn430-9.grenoble.iot-lab.info, 49.515625, 0.08080000000000001
wsn430-9.grenoble.iot-lab.info, 49.615478515625, 0.08080000000000001
wsn430-9.grenoble.iot-lab.info, 49.71533203125, 0.08080000000000001
wsn430-9.grenoble.iot-lab.info, 49.815185546875, 0.0806
wsn430-9.grenoble.iot-lab.info, 49.9150390625, 0.0806
wsn430-9.grenoble.iot-lab.info, 50.014892578125, 0.0727
wsn430-9.grenoble.iot-lab.info, 50.11474609375, 0.1124
wsn430-9.grenoble.iot-lab.info, 50.214599609375, 0.1124
wsn430-9.grenoble.iot-lab.info, 50.314453125, 0.11220000000000001
wsn430-9.grenoble.iot-lab.info, 50.414306640625, 0.1121
wsn430-9.grenoble.iot-lab.info, 50.51416015625, 0.1124
wsn430-9.grenoble.iot-lab.info, 50.614013671875, 0.1119
wsn430-9.grenoble.iot-lab.info, 50.7138671875, 0.11220000000000001
wsn430-9.grenoble.iot-lab.info, 50.813720703125, 0.1121
wsn430-9.grenoble.iot-lab.info, 50.91357421875, 0.1121
wsn430-9.grenoble.iot-lab.info, 51.013427734375, 0.1121
wsn430-9.grenoble.iot-lab.info, 51.11328125, 0.0809
wsn430-9.grenoble.iot-lab.info, 51.213134765625, 0.08080000000000001
wsn430-9.grenoble.iot-lab.info, 51.31298828125, 0.0806
wsn430-9.grenoble.iot-lab.info, 51.412841796875, 0.08080000000000001
wsn430-9.grenoble.iot-lab.info, 51.5126953125, 0.08080000000000001
wsn430-9.grenoble.iot-lab.info, 51.612548828125, 0.0809
wsn430-9.grenoble.iot-lab.info, 51.71240234375, 0.0809
wsn430-9.grenoble.iot-lab.info, 51.812255859375, 0.08080000000000001
wsn430-9.grenoble.iot-lab.info, 51.912109375, 0.0806
wsn430-9.grenoble.iot-lab.info, 52.011962890625, 0.08650000000000001
wsn430-9.grenoble.iot-lab.info, 52.11181640625, 0.1149
wsn430-9.grenoble.iot-lab.info, 52.211669921875, 0.11220000000000001
wsn430-9.grenoble.iot-lab.info, 52.3115234375, 0.11220000000000001
wsn430-9.grenoble.iot-lab.info, 52.411376953125, 0.1124
wsn430-9.grenoble.iot-lab.info, 52.51123046875, 0.11220000000000001
wsn430-9.grenoble.iot-lab.info, 52.611083984375, 0.11220000000000001
wsn430-9.grenoble.iot-lab.info, 52.7109375, 0.1121
wsn430-9.grenoble.iot-lab.info, 52.810791015625, 0.11220000000000001
wsn430-9.grenoble.iot-lab.info, 52.91064453125, 0.11220000000000001
wsn430-9.grenoble.iot-lab.info, 53.010498046875, 0.0765
wsn430-9.grenoble.iot-lab.info, 53.1103515625, 0.0806
wsn430-9.grenoble.iot-lab.info, 53.210205078125, 0.0806
wsn430-9.grenoble.iot-lab.info, 53.31005859375, 0.08080000000000001
wsn430-9.grenoble.iot-lab.info, 53.409912109375, 0.0806
wsn430-9.grenoble.iot-lab.info, 53.509765625, 0.0806
wsn430-9.grenoble.iot-lab.info, 53.609619140625, 0.08080000000000001
wsn430-9.grenoble.iot-lab.info, 53.70947265625, 0.0806
wsn430-9.grenoble.iot-lab.info, 53.809326171875, 0.0804
wsn430-9.grenoble.iot-lab.info, 53.9091796875, 0.0806
wsn430-9.grenoble.iot-lab.info, 54.009033203125, 0.08080000000000001
wsn430-9.grenoble.iot-lab.info, 54.10888671875, 0.11220000000000001
wsn430-9.grenoble.iot-lab.info, 54.208740234375, 0.1121
wsn430-9.grenoble.iot-lab.info, 54.30859375, 0.11220000000000001
wsn430-9.grenoble.iot-lab.info, 54.408447265625, 0.1124
wsn430-9.grenoble.iot-lab.info, 54.50830078125, 0.11220000000000001
wsn430-9.grenoble.iot-lab.info, 54.608154296875, 0.1124
wsn430-9.grenoble.iot-lab.info, 54.7080078125, 0.11220000000000001
wsn430-9.grenoble.iot-lab.info, 54.807861328125, 0.1124
wsn430-9.grenoble.iot-lab.info, 54.90771484375, 0.11220000000000001
wsn430-9.grenoble.iot-lab.info, 55.007568359375, 0.10940000000000001
wsn430-9.grenoble.iot-lab.info, 55.107421875, 0.08220000000000001
wsn430-9.grenoble.iot-lab.info, 55.207275390625, 0.0804
wsn430-9.grenoble.iot-lab.info, 55.30712890625, 0.0806
wsn430-9.grenoble.iot-lab.info, 55.406982421875, 0.08080000000000001
wsn430-9.grenoble.iot-lab.info, 55.5068359375, 0.08080000000000001
wsn430-9.grenoble.iot-lab.info, 55.606689453125, 0.0809
wsn430-9.grenoble.iot-lab.info, 55.70654296875, 0.08080000000000001
wsn430-9.grenoble.iot-lab.info, 55.806396484375, 0.08080000000000001
wsn430-9.grenoble.iot-lab.info, 55.90625, 0.0806
wsn430-9.grenoble.iot-lab.info, 56.006103515625, 0.0806
wsn430-9.grenoble.iot-lab.info, 56.10595703125, 0.1121
wsn430-9.grenoble.iot-lab.info, 56.205810546875, 0.1126
wsn430-9.grenoble.iot-lab.info, 56.3056640625, 0.1124
wsn430-9.grenoble.iot-lab.info, 56.405517578125, 0.11220000000000001
wsn430-9.grenoble.iot-lab.info, 56.50537109375, 0.1121
wsn430-9.grenoble.iot-lab.info, 56.605224609375, 0.11220000000000001
wsn430-9.grenoble.iot-lab.info, 56.705078125, 0.1124
wsn430-9.grenoble.iot-lab.info, 56.804931640625, 0.1119
wsn430-9.grenoble.iot-lab.info, 56.90478515625, 0.1121
wsn430-9.grenoble.iot-lab.info, 57.004638671875, 0.11220000000000001
wsn430-9.grenoble.iot-lab.info, 57.1044921875, 0.08080000000000001
wsn430-9.grenoble.iot-lab.info, 57.204345703125, 0.0804
wsn430-9.grenoble.iot-lab.info, 57.30419921875, 0.0804
wsn430-9.grenoble.iot-lab.info, 57.404052734375, 0.0806
wsn430-9.grenoble.iot-lab.info, 57.50390625, 0.08080000000000001
wsn430-9.grenoble.iot-lab.info, 57.603759765625, 0.0806
wsn430-9.grenoble.iot-lab.info, 57.70361328125, 0.08080000000000001
wsn430-9.grenoble.iot-lab.info, 57.803466796875, 0.0804
wsn430-9.grenoble.iot-lab.info, 57.9033203125, 0.08030000000000001
wsn430-9.grenoble.iot-lab.info, 58.003173828125, 0.0663
wsn430-9.grenoble.iot-lab.info, 58.10302734375, 0.1129
wsn430-9.grenoble.iot-lab.info, 58.202880859375, 0.1121
wsn430-9.grenoble.iot-lab.info, 58.302734375, 0.1121
wsn430-9.grenoble.iot-lab.info, 58.402587890625, 0.1119
wsn430-9.grenoble.iot-lab.info, 58.50244140625, 0.1121
wsn430-9.grenoble.iot-lab.info, 58.602294921875, 0.1121
wsn430-9.grenoble.iot-lab.info, 58.7021484375, 0.11220000000000001
wsn430-9.grenoble.iot-lab.info, 58.802001953125, 0.1121
wsn430-9.grenoble.iot-lab.info, 58.90185546875, 0.1121
wsn430-9.grenoble.iot-lab.info, 59.001708984375, 0.1124
wsn430-9.grenoble.iot-lab.info, 59.1015625, 0.08080000000000001
wsn430-9.grenoble.iot-lab.info, 59.201416015625, 0.0806
wsn430-9.grenoble.iot-lab.info, 59.30126953125, 0.08080000000000001
wsn430-9.grenoble.iot-lab.info, 59.401123046875, 0.0806
wsn430-9.grenoble.iot-lab.info, 59.5009765625, 0.08080000000000001
wsn430-9.grenoble.iot-lab.info, 59.600830078125, 0.0806
wsn430-9.grenoble.iot-lab.info, 59.70068359375, 0.08080000000000001
wsn430-9.grenoble.iot-lab.info, 59.800537109375, 0.0806
wsn430-9.grenoble.iot-lab.info, 59.900390625, 0.0804
wsn430-9.grenoble.iot-lab.info, 60.000244140625, 0.0806
wsn430-9.grenoble.iot-lab.info, 60.10009765625, 0.0896
wsn430-9.grenoble.iot-lab.info, 60.199951171875, 0.1124
wsn430-9.grenoble.iot-lab.info, 60.2998046875, 0.11220000000000001
wsn430-9.grenoble.iot-lab.info, 60.399658203125, 0.1126
wsn430-9.grenoble.iot-lab.info, 60.49951171875, 0.1121
wsn430-9.grenoble.iot-lab.info, 60.599365234375, 0.1119
wsn430-9.grenoble.iot-lab.info, 60.69921875, 0.1121
wsn430-9.grenoble.iot-lab.info, 60.799072265625, 0.11220000000000001
wsn430-9.grenoble.iot-lab.info, 60.89892578125, 0.11220000000000001
wsn430-9.grenoble.iot-lab.info, 60.998779296875, 0.1075
wsn430-9.grenoble.iot-lab.info, 61.0986328125, 0.0806
wsn430-9.grenoble.iot-lab.info, 61.198486328125, 0.0804
wsn430-9.grenoble.iot-lab.info, 61.29833984375, 0.08080000000000001
wsn430-9.grenoble.iot-lab.info, 61.398193359375, 0.0806
wsn430-9.grenoble.iot-lab.info, 61.498046875, 0.08080000000000001
wsn430-9.grenoble.iot-lab.info, 61.597900390625, 0.08080000000000001
wsn430-9.grenoble.iot-lab.info, 61.69775390625, 0.0804
wsn430-9.grenoble.iot-lab.info, 61.797607421875, 0.0806
wsn430-9.grenoble.iot-lab.info, 61.8974609375, 0.0804
wsn430-9.grenoble.iot-lab.info, 61.997314453125, 0.0806
wsn430-9.grenoble.iot-lab.info, 62.09716796875, 0.1124
wsn430-9.grenoble.iot-lab.info, 62.197021484375, 0.1124
wsn430-9.grenoble.iot-lab.info, 62.296875, 0.1121
wsn430-9.grenoble.iot-lab.info, 62.396728515625, 0.1124
wsn430-9.grenoble.iot-lab.info, 62.49658203125, 0.1121
wsn430-9.grenoble.iot-lab.info, 62.596435546875, 0.1121
wsn430-9.grenoble.iot-lab.info, 62.6962890625, 0.1121
wsn430-9.grenoble.iot-lab.info, 62.796142578125, 0.1121
wsn430-9.grenoble.iot-lab.info, 62.89599609375, 0.1121
wsn430-9.grenoble.iot-lab.info, 62.995849609375, 0.1121
wsn430-9.grenoble.iot-lab.info, 63.095703125, 0.0852
wsn430-9.grenoble.iot-lab.info, 63.195556640625, 0.08080000000000001
wsn430-9.grenoble.iot-lab.info, 63.29541015625, 0.08080000000000001
wsn430-9.grenoble.iot-lab.info, 63.395263671875, 0.08080000000000001
wsn430-9.grenoble.iot-lab.info, 63.4951171875, 0.0806
wsn430-9.grenoble.iot-lab.info, 63.594970703125, 0.0806
wsn430-9.grenoble.iot-lab.info, 63.69482421875, 0.0804
wsn430-9.grenoble.iot-lab.info, 63.794677734375, 0.0806
wsn430-9.grenoble.iot-lab.info, 63.89453125, 0.0806
wsn430-9.grenoble.iot-lab.info, 63.994384765625, 0.0806
wsn430-9.grenoble.iot-lab.info, 64.09423828125, 0.11220000000000001
wsn430-9.grenoble.iot-lab.info, 64.194091796875, 0.11220000000000001
wsn430-9.grenoble.iot-lab.info, 64.2939453125, 0.1124
wsn430-9.grenoble.iot-lab.info, 64.393798828125, 0.1124
wsn430-9.grenoble.iot-lab.info, 64.49365234375, 0.1121
wsn430-9.grenoble.iot-lab.info, 64.593505859375, 0.11220000000000001
wsn430-9.grenoble.iot-lab.info, 64.693359375, 0.11220000000000001
wsn430-9.grenoble.iot-lab.info, 64.793212890625, 0.11220000000000001
wsn430-9.grenoble.iot-lab.info, 64.89306640625, 0.11220000000000001
wsn430-9.grenoble.iot-lab.info, 64.992919921875, 0.11220000000000001
wsn430-9.grenoble.iot-lab.info, 65.0927734375, 0.0804
wsn430-9.grenoble.iot-lab.info, 65.192626953125, 0.0804
wsn430-9.grenoble.iot-lab.info, 65.29248046875, 0.08080000000000001
wsn430-9.grenoble.iot-lab.info, 65.392333984375, 0.0806
wsn430-9.grenoble.iot-lab.info, 65.4921875, 0.0806
wsn430-9.grenoble.iot-lab.info, 65.592041015625, 0.0806
wsn430-9.grenoble.iot-lab.info, 65.69189453125, 0.08080000000000001
wsn430-9.grenoble.iot-lab.info, 65.791748046875, 0.08080000000000001
wsn430-9.grenoble.iot-lab.info, 65.8916015625, 0.0806
wsn430-9.grenoble.iot-lab.info, 65.991455078125, 0.08370000000000001
wsn430-9.grenoble.iot-lab.info, 66.09130859375, 0.08990000000000001
wsn430-9.grenoble.iot-lab.info, 66.191162109375, 0.11220000000000001
wsn430-9.grenoble.iot-lab.info, 66.291015625, 0.11220000000000001
wsn430-9.grenoble.iot-lab.info, 66.390869140625, 0.1119
wsn430-9.grenoble.iot-lab.info, 66.49072265625, 0.11220000000000001
wsn430-9.grenoble.iot-lab.info, 66.590576171875, 0.11220000000000001
wsn430-9.grenoble.iot-lab.info, 66.6904296875, 0.1121
wsn430-9.grenoble.iot-lab.info, 66.790283203125, 0.1121
wsn430-9.grenoble.iot-lab.info, 66.89013671875, 0.1124
wsn430-9.grenoble.iot-lab.info, 66.989990234375, 0.1124
wsn430-9.grenoble.iot-lab.info, 67.08984375, 0.0806
wsn430-9.grenoble.iot-lab.info, 67.189697265625, 0.08080000000000001
wsn430-9.grenoble.iot-lab.info, 67.28955078125, 0.0806
wsn430-9.grenoble.iot-lab.info, 67.389404296875, 0.08080000000000001
wsn430-9.grenoble.iot-lab.info, 67.4892578125, 0.08080000000000001
wsn430-9.grenoble.iot-lab.info, 67.589111328125, 0.0806
wsn430-9.grenoble.iot-lab.info, 67.68896484375, 0.08080000000000001
wsn430-9.grenoble.iot-lab.info, 67.788818359375, 0.0804
wsn430-9.grenoble.iot-lab.info, 67.888671875, 0.0806
wsn430-9.grenoble.iot-lab.info, 67.988525390625, 0.08080000000000001
wsn430-9.grenoble.iot-lab.info, 68.08837890625, 0.1096
wsn430-9.grenoble.iot-lab.info, 68.188232421875, 0.11220000000000001
wsn430-9.grenoble.iot-lab.info, 68.2880859375, 0.1121
wsn430-9.grenoble.iot-lab.info, 68.387939453125, 0.11220000000000001
wsn430-9.grenoble.iot-lab.info, 68.48779296875, 0.11220000000000001
wsn430-9.grenoble.iot-lab.info, 68.587646484375, 0.11220000000000001
wsn430-9.grenoble.iot-lab.info, 68.6875, 0.1121
wsn430-9.grenoble.iot-lab.info, 68.787353515625, 0.11220000000000001
wsn430-9.grenoble.iot-lab.info, 68.88720703125, 0.1121
wsn430-9.grenoble.iot-lab.info, 68.987060546875, 0.11030000000000001
wsn430-9.grenoble.iot-lab.info, 69.0869140625, 0.08320000000000001
wsn430-9.grenoble.iot-lab.info, 69.186767578125, 0.0804
wsn430-9.grenoble.iot-lab.info, 69.28662109375, 0.0806
wsn430-9.grenoble.iot-lab.info, 69.386474609375, 0.0806
wsn430-9.grenoble.iot-lab.info, 69.486328125, 0.0806
wsn430-9.grenoble.iot-lab.info, 69.586181640625, 0.0804
wsn430-9.grenoble.iot-lab.info, 69.68603515625, 0.0806
wsn430-9.grenoble.iot-lab.info, 69.785888671875, 0.08080000000000001
wsn430-9.grenoble.iot-lab.info, 69.8857421875, 0.0809
wsn430-9.grenoble.iot-lab.info, 69.985595703125, 0.0806
wsn430-9.grenoble.iot-lab.info, 70.08544921875, 0.1124
wsn430-9.grenoble.iot-lab.info, 70.185302734375, 0.11220000000000001
wsn430-9.grenoble.iot-lab.info, 70.28515625, 0.1121
wsn430-9.grenoble.iot-lab.info, 70.385009765625, 0.1124
wsn430-9.grenoble.iot-lab.info, 70.48486328125, 0.1126
wsn430-9.grenoble.iot-lab.info, 70.584716796875, 0.11220000000000001
wsn430-9.grenoble.iot-lab.info, 70.6845703125, 0.11220000000000001
wsn430-9.grenoble.iot-lab.info, 70.784423828125, 0.11220000000000001
wsn430-9.grenoble.iot-lab.info, 70.88427734375, 0.11270000000000001
wsn430-9.grenoble.iot-lab.info, 70.984130859375, 0.11270000000000001
wsn430-9.grenoble.iot-lab.info, 71.083984375, 0.0655
wsn430-9.grenoble.iot-lab.info, 71.183837890625, 0.0811
wsn430-9.grenoble.iot-lab.info, 71.28369140625, 0.0809
wsn430-9.grenoble.iot-lab.info, 71.383544921875, 0.0809
wsn430-9.grenoble.iot-lab.info, 71.4833984375, 0.0809
wsn430-9.grenoble.iot-lab.info, 71.583251953125, 0.0809
wsn430-9.grenoble.iot-lab.info, 71.68310546875, 0.0809
wsn430-9.grenoble.iot-lab.info, 71.782958984375, 0.0809
wsn430-9.grenoble.iot-lab.info, 71.8828125, 0.0809
wsn430-9.grenoble.iot-lab.info, 71.982666015625, 0.0811
wsn430-9.grenoble.iot-lab.info, 72.08251953125, 0.11420000000000001
wsn430-9.grenoble.iot-lab.info, 72.182373046875, 0.1126
wsn430-9.grenoble.iot-lab.info, 72.2822265625, 0.1124
wsn430-9.grenoble.iot-lab.info, 72.382080078125, 0.1124
wsn430-9.grenoble.iot-lab.info, 72.48193359375, 0.1124
wsn430-9.grenoble.iot-lab.info, 72.581787109375, 0.11220000000000001
wsn430-9.grenoble.iot-lab.info, 72.681640625, 0.1126
wsn430-9.grenoble.iot-lab.info, 72.781494140625, 0.1124
wsn430-9.grenoble.iot-lab.info, 72.88134765625, 0.1124
wsn430-9.grenoble.iot-lab.info, 72.981201171875, 0.11220000000000001
wsn430-9.grenoble.iot-lab.info, 73.0810546875, 0.0809
wsn430-9.grenoble.iot-lab.info, 73.180908203125, 0.0809
wsn430-9.grenoble.iot-lab.info, 73.28076171875, 0.0809
wsn430-9.grenoble.iot-lab.info, 73.380615234375, 0.0813
wsn430-9.grenoble.iot-lab.info, 73.48046875, 0.0809
wsn430-9.grenoble.iot-lab.info, 73.580322265625, 0.0811
wsn430-9.grenoble.iot-lab.info, 73.68017578125, 0.0811
wsn430-9.grenoble.iot-lab.info, 73.780029296875, 0.0811
wsn430-9.grenoble.iot-lab.info, 73.8798828125, 0.0809
wsn430-9.grenoble.iot-lab.info, 73.979736328125, 0.0809
wsn430-9.grenoble.iot-lab.info, 74.07958984375, 0.11370000000000001
wsn430-9.grenoble.iot-lab.info, 74.179443359375, 0.1124
wsn430-9.grenoble.iot-lab.info, 74.279296875, 0.11220000000000001
wsn430-9.grenoble.iot-lab.info, 74.379150390625, 0.11220000000000001
wsn430-9.grenoble.iot-lab.info, 74.47900390625, 0.1124
wsn430-9.grenoble.iot-lab.info, 74.578857421875, 0.1124
wsn430-9.grenoble.iot-lab.info, 74.6787109375, 0.1126
wsn430-9.grenoble.iot-lab.info, 74.778564453125, 0.1126
wsn430-9.grenoble.iot-lab.info, 74.87841796875, 0.1124
wsn430-9.grenoble.iot-lab.info, 74.978271484375, 0.1124
wsn430-9.grenoble.iot-lab.info, 75.078125, 0.0818
wsn430-9.grenoble.iot-lab.info, 75.177978515625, 0.08080000000000001
wsn430-9.grenoble.iot-lab.info, 75.27783203125, 0.0811
wsn430-9.grenoble.iot-lab.info, 75.377685546875, 0.0811
wsn430-9.grenoble.iot-lab.info, 75.4775390625, 0.0809
wsn430-9.grenoble.iot-lab.info, 75.577392578125, 0.0809
wsn430-9.grenoble.iot-lab.info, 75.67724609375, 0.0809
wsn430-9.grenoble.iot-lab.info, 75.777099609375, 0.0809
wsn430-9.grenoble.iot-lab.info, 75.876953125, 0.0811
wsn430-9.grenoble.iot-lab.info, 75.976806640625, 0.08080000000000001
wsn430-9.grenoble.iot-lab.info, 76.07666015625, 0.10400000000000001
wsn430-9.grenoble.iot-lab.info, 76.176513671875, 0.11220000000000001
wsn430-9.grenoble.iot-lab.info, 76.2763671875, 0.1124
wsn430-9.grenoble.iot-lab.info, 76.376220703125, 0.1126
wsn430-9.grenoble.iot-lab.info, 76.47607421875, 0.1124
wsn430-9.grenoble.iot-lab.info, 76.575927734375, 0.1126
wsn430-9.grenoble.iot-lab.info, 76.67578125, 0.1124
wsn430-9.grenoble.iot-lab.info, 76.775634765625, 0.1126
wsn430-9.grenoble.iot-lab.info, 76.87548828125, 0.1126
wsn430-9.grenoble.iot-lab.info, 76.975341796875, 0.11270000000000001
wsn430-9.grenoble.iot-lab.info, 77.0751953125, 0.0872
wsn430-9.grenoble.iot-lab.info, 77.175048828125, 0.0809
wsn430-9.grenoble.iot-lab.info, 77.27490234375, 0.08080000000000001
wsn430-9.grenoble.iot-lab.info, 77.374755859375, 0.0809
wsn430-9.grenoble.iot-lab.info, 77.474609375, 0.0809
wsn430-9.grenoble.iot-lab.info, 77.574462890625, 0.08080000000000001
wsn430-9.grenoble.iot-lab.info, 77.67431640625, 0.0809
wsn430-9.grenoble.iot-lab.info, 77.774169921875, 0.0809
wsn430-9.grenoble.iot-lab.info, 77.8740234375, 0.0809
wsn430-9.grenoble.iot-lab.info, 77.973876953125, 0.0809
wsn430-9.grenoble.iot-lab.info, 78.07373046875, 0.1124
wsn430-9.grenoble.iot-lab.info, 78.173583984375, 0.1126
wsn430-9.grenoble.iot-lab.info, 78.2734375, 0.1126
wsn430-9.grenoble.iot-lab.info, 78.373291015625, 0.1124
wsn430-9.grenoble.iot-lab.info, 78.47314453125, 0.1129
wsn430-9.grenoble.iot-lab.info, 78.572998046875, 0.11270000000000001
wsn430-9.grenoble.iot-lab.info, 78.6728515625, 0.1126
wsn430-9.grenoble.iot-lab.info, 78.772705078125, 0.1126
wsn430-9.grenoble.iot-lab.info, 78.87255859375, 0.1126
wsn430-9.grenoble.iot-lab.info, 78.972412109375, 0.11270000000000001
wsn430-9.grenoble.iot-lab.info, 79.072265625, 0.0712
wsn430-9.grenoble.iot-lab.info, 79.172119140625, 0.0811
wsn430-9.grenoble.iot-lab.info, 79.27197265625, 0.0811
wsn430-9.grenoble.iot-lab.info, 79.371826171875, 0.0813
wsn430-9.grenoble.iot-lab.info, 79.4716796875, 0.0811
wsn430-9.grenoble.iot-lab.info, 79.571533203125, 0.0814
wsn430-9.grenoble.iot-lab.info, 79.67138671875, 0.0809
wsn430-9.grenoble.iot-lab.info, 79.771240234375, 0.0809
wsn430-9.grenoble.iot-lab.info, 79.87109375, 0.0809
wsn430-9.grenoble.iot-lab.info, 79.970947265625, 0.08080000000000001
wsn430-9.grenoble.iot-lab.info, 80.07080078125, 0.09090000000000001
wsn430-9.grenoble.iot-lab.info, 80.170654296875, 0.11270000000000001
wsn430-9.grenoble.iot-lab.info, 80.2705078125, 0.1126
wsn430-9.grenoble.iot-lab.info, 80.370361328125, 0.11220000000000001
wsn430-9.grenoble.iot-lab.info, 80.47021484375, 0.1121
wsn430-9.grenoble.iot-lab.info, 80.570068359375, 0.1124
wsn430-9.grenoble.iot-lab.info, 80.669921875, 0.11220000000000001
wsn430-9.grenoble.iot-lab.info, 80.769775390625, 0.1124
wsn430-9.grenoble.iot-lab.info, 80.86962890625, 0.11220000000000001
wsn430-9.grenoble.iot-lab.info, 80.969482421875, 0.11220000000000001
wsn430-9.grenoble.iot-lab.info, 81.0693359375, 0.0809
wsn430-9.grenoble.iot-lab.info, 81.169189453125, 0.0811
wsn430-9.grenoble.iot-lab.info, 81.26904296875, 0.0809
wsn430-9.grenoble.iot-lab.info, 81.368896484375, 0.0809
wsn430-9.grenoble.iot-lab.info, 81.46875, 0.08080000000000001
wsn430-9.grenoble.iot-lab.info, 81.568603515625, 0.0809
wsn430-9.grenoble.iot-lab.info, 81.66845703125, 0.0811
wsn430-9.grenoble.iot-lab.info, 81.768310546875, 0.0809
wsn430-9.grenoble.iot-lab.info, 81.8681640625, 0.0809
wsn430-9.grenoble.iot-lab.info, 81.968017578125, 0.0809
wsn430-9.grenoble.iot-lab.info, 82.06787109375, 0.1078
wsn430-9.grenoble.iot-lab.info, 82.167724609375, 0.1126
wsn430-9.grenoble.iot-lab.info, 82.267578125, 0.11220000000000001
wsn430-9.grenoble.iot-lab.info, 82.367431640625, 0.11220000000000001
wsn430-9.grenoble.iot-lab.info, 82.46728515625, 0.11220000000000001
wsn430-9.grenoble.iot-lab.info, 82.567138671875, 0.1126
wsn430-9.grenoble.iot-lab.info, 82.6669921875, 0.1124
wsn430-9.grenoble.iot-lab.info, 82.766845703125, 0.1124
wsn430-9.grenoble.iot-lab.info, 82.86669921875, 0.1126
wsn430-9.grenoble.iot-lab.info, 82.966552734375, 0.11220000000000001
wsn430-9.grenoble.iot-lab.info, 83.06640625, 0.0845
wsn430-9.grenoble.iot-lab.info, 83.166259765625, 0.0811
wsn430-9.grenoble.iot-lab.info, 83.26611328125, 0.0809
wsn430-9.grenoble.iot-lab.info, 83.365966796875, 0.0809
wsn430-9.grenoble.iot-lab.info, 83.4658203125, 0.0809
wsn430-9.grenoble.iot-lab.info, 83.565673828125, 0.0813
wsn430-9.grenoble.iot-lab.info, 83.66552734375, 0.08080000000000001
wsn430-9.grenoble.iot-lab.info, 83.765380859375, 0.0809
wsn430-9.grenoble.iot-lab.info, 83.865234375, 0.08080000000000001
wsn430-9.grenoble.iot-lab.info, 83.965087890625, 0.0809
wsn430-9.grenoble.iot-lab.info, 84.06494140625, 0.0729
wsn430-9.grenoble.iot-lab.info, 84.164794921875, 0.11270000000000001
wsn430-9.grenoble.iot-lab.info, 84.2646484375, 0.1124
wsn430-9.grenoble.iot-lab.info, 84.364501953125, 0.1124
wsn430-9.grenoble.iot-lab.info, 84.46435546875, 0.1124
wsn430-9.grenoble.iot-lab.info, 84.564208984375, 0.11220000000000001
wsn430-9.grenoble.iot-lab.info, 84.6640625, 0.1124
wsn430-9.grenoble.iot-lab.info, 84.763916015625, 0.1124
wsn430-9.grenoble.iot-lab.info, 84.86376953125, 0.1124
wsn430-9.grenoble.iot-lab.info, 84.963623046875, 0.1124
wsn430-9.grenoble.iot-lab.info, 85.0634765625, 0.0673
wsn430-9.grenoble.iot-lab.info, 85.163330078125, 0.08080000000000001
wsn430-9.grenoble.iot-lab.info, 85.26318359375, 0.0811
wsn430-9.grenoble.iot-lab.info, 85.363037109375, 0.0809
wsn430-9.grenoble.iot-lab.info, 85.462890625, 0.08080000000000001
wsn430-9.grenoble.iot-lab.info, 85.562744140625, 0.0811
wsn430-9.grenoble.iot-lab.info, 85.66259765625, 0.08080000000000001
wsn430-9.grenoble.iot-lab.info, 85.762451171875, 0.0809
wsn430-9.grenoble.iot-lab.info, 85.8623046875, 0.0811
wsn430-9.grenoble.iot-lab.info, 85.962158203125, 0.0809
wsn430-9.grenoble.iot-lab.info, 86.06201171875, 0.115
wsn430-9.grenoble.iot-lab.info, 86.161865234375, 0.1126
wsn430-9.grenoble.iot-lab.info, 86.26171875, 0.11270000000000001
wsn430-9.grenoble.iot-lab.info, 86.361572265625, 0.1126
wsn430-9.grenoble.iot-lab.info, 86.46142578125, 0.1124
wsn430-9.grenoble.iot-lab.info, 86.561279296875, 0.1126
wsn430-9.grenoble.iot-lab.info, 86.6611328125, 0.1126
wsn430-9.grenoble.iot-lab.info, 86.760986328125, 0.1121
wsn430-9.grenoble.iot-lab.info, 86.86083984375, 0.1124
wsn430-9.grenoble.iot-lab.info, 86.960693359375, 0.1124
wsn430-9.grenoble.iot-lab.info, 87.060546875, 0.1024
wsn430-9.grenoble.iot-lab.info, 87.160400390625, 0.0809
wsn430-9.grenoble.iot-lab.info, 87.26025390625, 0.0809
wsn430-9.grenoble.iot-lab.info, 87.360107421875, 0.0809
wsn430-9.grenoble.iot-lab.info, 87.4599609375, 0.0809
wsn430-9.grenoble.iot-lab.info, 87.559814453125, 0.0811
wsn430-9.grenoble.iot-lab.info, 87.65966796875, 0.0811
wsn430-9.grenoble.iot-lab.info, 87.759521484375, 0.0811
wsn430-9.grenoble.iot-lab.info, 87.859375, 0.0811
wsn430-9.grenoble.iot-lab.info, 87.959228515625, 0.0811
wsn430-9.grenoble.iot-lab.info, 88.05908203125, 0.11170000000000001
wsn430-9.grenoble.iot-lab.info, 88.158935546875, 0.1126
wsn430-9.grenoble.iot-lab.info, 88.2587890625, 0.11220000000000001
wsn430-9.grenoble.iot-lab.info, 88.358642578125, 0.1124
wsn430-9.grenoble.iot-lab.info, 88.45849609375, 0.1126
wsn430-9.grenoble.iot-lab.info, 88.558349609375, 0.1121
wsn430-9.grenoble.iot-lab.info, 88.658203125, 0.11220000000000001
wsn430-9.grenoble.iot-lab.info, 88.758056640625, 0.11220000000000001
wsn430-9.grenoble.iot-lab.info, 88.85791015625, 0.1124
wsn430-9.grenoble.iot-lab.info, 88.957763671875, 0.11220000000000001
wsn430-9.grenoble.iot-lab.info, 89.0576171875, 0.0826
wsn430-9.grenoble.iot-lab.info, 89.157470703125, 0.08080000000000001
wsn430-9.grenoble.iot-lab.info, 89.25732421875, 0.0809
wsn430-9.grenoble.iot-lab.info, 89.357177734375, 0.08080000000000001
wsn430-9.grenoble.iot-lab.info, 89.45703125, 0.0809
wsn430-9.grenoble.iot-lab.info, 89.556884765625, 0.0809
wsn430-9.grenoble.iot-lab.info, 89.65673828125, 0.0811
wsn430-9.grenoble.iot-lab.info, 89.756591796875, 0.0809
wsn430-9.grenoble.iot-lab.info, 89.8564453125, 0.0809
wsn430-9.grenoble.iot-lab.info, 89.956298828125, 0.0809
wsn430-9.grenoble.iot-lab.info, 90.05615234375, 0.0765
wsn430-9.grenoble.iot-lab.info, 90.156005859375, 0.1124
wsn430-9.grenoble.iot-lab.info, 90.255859375, 0.1124
wsn430-9.grenoble.iot-lab.info, 90.355712890625, 0.1124
wsn430-9.grenoble.iot-lab.info, 90.45556640625, 0.11220000000000001
wsn430-9.grenoble.iot-lab.info, 90.555419921875, 0.1129
wsn430-9.grenoble.iot-lab.info, 90.6552734375, 0.11270000000000001
wsn430-9.grenoble.iot-lab.info, 90.755126953125, 0.1126
wsn430-9.grenoble.iot-lab.info, 90.85498046875, 0.1124
wsn430-9.grenoble.iot-lab.info, 90.954833984375, 0.11220000000000001
wsn430-9.grenoble.iot-lab.info, 91.0546875, 0.08950000000000001
wsn430-9.grenoble.iot-lab.info, 91.154541015625, 0.0811
wsn430-9.grenoble.iot-lab.info, 91.25439453125, 0.0811
wsn430-9.grenoble.iot-lab.info, 91.354248046875, 0.0811
wsn430-9.grenoble.iot-lab.info, 91.4541015625, 0.0811
wsn430-9.grenoble.iot-lab.info, 91.553955078125, 0.0811
wsn430-9.grenoble.iot-lab.info, 91.65380859375, 0.0809
wsn430-9.grenoble.iot-lab.info, 91.753662109375, 0.08080000000000001
wsn430-9.grenoble.iot-lab.info, 91.853515625, 0.0809
wsn430-9.grenoble.iot-lab.info, 91.953369140625, 0.0813
wsn430-9.grenoble.iot-lab.info, 92.05322265625, 0.0663
wsn430-9.grenoble.iot-lab.info, 92.153076171875, 0.11270000000000001
wsn430-9.grenoble.iot-lab.info, 92.2529296875, 0.11270000000000001
wsn430-9.grenoble.iot-lab.info, 92.352783203125, 0.1126
wsn430-9.grenoble.iot-lab.info, 92.45263671875, 0.11220000000000001
wsn430-9.grenoble.iot-lab.info, 92.552490234375, 0.1124
wsn430-9.grenoble.iot-lab.info, 92.65234375, 0.1126
wsn430-9.grenoble.iot-lab.info, 92.752197265625, 0.1124
wsn430-9.grenoble.iot-lab.info, 92.85205078125, 0.11270000000000001
wsn430-9.grenoble.iot-lab.info, 92.951904296875, 0.1126
wsn430-9.grenoble.iot-lab.info, 93.0517578125, 0.07300000000000001
wsn430-9.grenoble.iot-lab.info, 93.151611328125, 0.0809
wsn430-9.grenoble.iot-lab.info, 93.25146484375, 0.0811
wsn430-9.grenoble.iot-lab.info, 93.351318359375, 0.0813
wsn430-9.grenoble.iot-lab.info, 93.451171875, 0.0811
wsn430-9.grenoble.iot-lab.info, 93.551025390625, 0.0811
wsn430-9.grenoble.iot-lab.info, 93.65087890625, 0.0813
wsn430-9.grenoble.iot-lab.info, 93.750732421875, 0.0813
wsn430-9.grenoble.iot-lab.info, 93.8505859375, 0.0811
wsn430-9.grenoble.iot-lab.info, 93.950439453125, 0.0809
wsn430-9.grenoble.iot-lab.info, 94.05029296875, 0.0897
wsn430-9.grenoble.iot-lab.info, 94.150146484375, 0.1126
wsn430-9.grenoble.iot-lab.info, 94.25, 0.1124
wsn430-9.grenoble.iot-lab.info, 94.349853515625, 0.1124
wsn430-9.grenoble.iot-lab.info, 94.44970703125, 0.1124
wsn430-9.grenoble.iot-lab.info, 94.549560546875, 0.1124
wsn430-9.grenoble.iot-lab.info, 94.6494140625, 0.1124
wsn430-9.grenoble.iot-lab.info, 94.749267578125, 0.1126
wsn430-9.grenoble.iot-lab.info, 94.84912109375, 0.1124
wsn430-9.grenoble.iot-lab.info, 94.948974609375, 0.11220000000000001
wsn430-9.grenoble.iot-lab.info, 95.048828125, 0.1081
wsn430-9.grenoble.iot-lab.info, 95.148681640625, 0.0811
wsn430-9.grenoble.iot-lab.info, 95.24853515625, 0.0809
wsn430-9.grenoble.iot-lab.info, 95.348388671875, 0.0809
wsn430-9.grenoble.iot-lab.info, 95.4482421875, 0.08080000000000001
wsn430-9.grenoble.iot-lab.info, 95.548095703125, 0.0811
wsn430-9.grenoble.iot-lab.info, 95.64794921875, 0.0806
wsn430-9.grenoble.iot-lab.info, 95.747802734375, 0.08080000000000001
wsn430-9.grenoble.iot-lab.info, 95.84765625, 0.0811
wsn430-9.grenoble.iot-lab.info, 95.947509765625, 0.0809
wsn430-9.grenoble.iot-lab.info, 96.04736328125, 0.1057
wsn430-9.grenoble.iot-lab.info, 96.147216796875, 0.1126
wsn430-9.grenoble.iot-lab.info, 96.2470703125, 0.1124
wsn430-9.grenoble.iot-lab.info, 96.346923828125, 0.1124
wsn430-9.grenoble.iot-lab.info, 96.44677734375, 0.11220000000000001
wsn430-9.grenoble.iot-lab.info, 96.546630859375, 0.1124
wsn430-9.grenoble.iot-lab.info, 96.646484375, 0.1124
wsn430-9.grenoble.iot-lab.info, 96.746337890625, 0.1124
wsn430-9.grenoble.iot-lab.info, 96.84619140625, 0.1124
wsn430-9.grenoble.iot-lab.info, 96.946044921875, 0.11220000000000001
wsn430-9.grenoble.iot-lab.info, 97.0458984375, 0.0857
wsn430-9.grenoble.iot-lab.info, 97.145751953125, 0.08080000000000001
wsn430-9.grenoble.iot-lab.info, 97.24560546875, 0.08080000000000001
wsn430-9.grenoble.iot-lab.info, 97.345458984375, 0.0809
wsn430-9.grenoble.iot-lab.info, 97.4453125, 0.0809
wsn430-9.grenoble.iot-lab.info, 97.545166015625, 0.0809
wsn430-9.grenoble.iot-lab.info, 97.64501953125, 0.0811
wsn430-9.grenoble.iot-lab.info, 97.744873046875, 0.0809
wsn430-9.grenoble.iot-lab.info, 97.8447265625, 0.08080000000000001
wsn430-9.grenoble.iot-lab.info, 97.944580078125, 0.0809
wsn430-9.grenoble.iot-lab.info, 98.04443359375, 0.0709
wsn430-9.grenoble.iot-lab.info, 98.144287109375, 0.1124
wsn430-9.grenoble.iot-lab.info, 98.244140625, 0.11220000000000001
wsn430-9.grenoble.iot-lab.info, 98.343994140625, 0.1124
wsn430-9.grenoble.iot-lab.info, 98.44384765625, 0.1124
wsn430-9.grenoble.iot-lab.info, 98.543701171875, 0.11220000000000001
wsn430-9.grenoble.iot-lab.info, 98.6435546875, 0.1126
wsn430-9.grenoble.iot-lab.info, 98.743408203125, 0.11220000000000001
wsn430-9.grenoble.iot-lab.info, 98.84326171875, 0.1124
wsn430-9.grenoble.iot-lab.info, 98.943115234375, 0.1124
wsn430-9.grenoble.iot-lab.info, 99.04296875, 0.0694
wsn430-9.grenoble.iot-lab.info, 99.142822265625, 0.0809
wsn430-9.grenoble.iot-lab.info, 99.24267578125, 0.0811
wsn430-9.grenoble.iot-lab.info, 99.342529296875, 0.0809
wsn430-9.grenoble.iot-lab.info, 99.4423828125, 0.0809
wsn430-9.grenoble.iot-lab.info, 99.542236328125, 0.0809
wsn430-9.grenoble.iot-lab.info, 99.64208984375, 0.0809
wsn430-9.grenoble.iot-lab.info, 99.741943359375, 0.0809
wsn430-9.grenoble.iot-lab.info, 99.841796875, 0.08080000000000001
wsn430-9.grenoble.iot-lab.info, 99.941650390625, 0.0811
wsn430-9.grenoble.iot-lab.info, 100.04150390625, 0.08320000000000001
wsn430-9.grenoble.iot-lab.info, 100.141357421875, 0.1126
wsn430-9.grenoble.iot-lab.info, 100.2412109375, 0.1124
wsn430-9.grenoble.iot-lab.info, 100.341064453125, 0.11220000000000001
wsn430-9.grenoble.iot-lab.info, 100.44091796875, 0.11220000000000001
wsn430-9.grenoble.iot-lab.info, 100.540771484375, 0.1121
wsn430-9.grenoble.iot-lab.info, 100.640625, 0.1124
wsn430-9.grenoble.iot-lab.info, 100.740478515625, 0.11220000000000001
wsn430-9.grenoble.iot-lab.info, 100.84033203125, 0.1126
wsn430-9.grenoble.iot-lab.info, 100.940185546875, 0.1124
wsn430-9.grenoble.iot-lab.info, 101.0400390625, 0.1047
wsn430-9.grenoble.iot-lab.info, 101.139892578125, 0.0809
wsn430-9.grenoble.iot-lab.info, 101.23974609375, 0.0809
wsn430-9.grenoble.iot-lab.info, 101.339599609375, 0.08080000000000001
wsn430-9.grenoble.iot-lab.info, 101.439453125, 0.0809
wsn430-9.grenoble.iot-lab.info, 101.539306640625, 0.0811
wsn430-9.grenoble.iot-lab.info, 101.63916015625, 0.0809
wsn430-9.grenoble.iot-lab.info, 101.739013671875, 0.0813
wsn430-9.grenoble.iot-lab.info, 101.8388671875, 0.0809
wsn430-9.grenoble.iot-lab.info, 101.938720703125, 0.0809
wsn430-9.grenoble.iot-lab.info, 102.03857421875, 0.109
wsn430-9.grenoble.iot-lab.info, 102.138427734375, 0.1124
wsn430-9.grenoble.iot-lab.info, 102.23828125, 0.1124
wsn430-9.grenoble.iot-lab.info, 102.338134765625, 0.1124
wsn430-9.grenoble.iot-lab.info, 102.43798828125, 0.1124
wsn430-9.grenoble.iot-lab.info, 102.537841796875, 0.11220000000000001
wsn430-9.grenoble.iot-lab.info, 102.6376953125, 0.11220000000000001
wsn430-9.grenoble.iot-lab.info, 102.737548828125, 0.11220000000000001
wsn430-9.grenoble.iot-lab.info, 102.83740234375, 0.11220000000000001
wsn430-9.grenoble.iot-lab.info, 102.937255859375, 0.1126
wsn430-9.grenoble.iot-lab.info, 103.037109375, 0.11080000000000001
wsn430-9.grenoble.iot-lab.info, 103.136962890625, 0.08080000000000001
wsn430-9.grenoble.iot-lab.info, 103.23681640625, 0.0811
wsn430-9.grenoble.iot-lab.info, 103.336669921875, 0.0809
wsn430-9.grenoble.iot-lab.info, 103.4365234375, 0.0809
wsn430-9.grenoble.iot-lab.info, 103.536376953125, 0.0809
wsn430-9.grenoble.iot-lab.info, 103.63623046875, 0.08080000000000001
wsn430-9.grenoble.iot-lab.info, 103.736083984375, 0.0806
wsn430-9.grenoble.iot-lab.info, 103.8359375, 0.08080000000000001
wsn430-9.grenoble.iot-lab.info, 103.935791015625, 0.0801
wsn430-9.grenoble.iot-lab.info, 104.03564453125, 0.0743
wsn430-9.grenoble.iot-lab.info, 104.135498046875, 0.1124
wsn430-9.grenoble.iot-lab.info, 104.2353515625, 0.1124
wsn430-9.grenoble.iot-lab.info, 104.335205078125, 0.1126
wsn430-9.grenoble.iot-lab.info, 104.43505859375, 0.1124
wsn430-9.grenoble.iot-lab.info, 104.534912109375, 0.1124
wsn430-9.grenoble.iot-lab.info, 104.634765625, 0.1126
wsn430-9.grenoble.iot-lab.info, 104.734619140625, 0.1126
wsn430-9.grenoble.iot-lab.info, 104.83447265625, 0.1126
wsn430-9.grenoble.iot-lab.info, 104.934326171875, 0.1124
wsn430-9.grenoble.iot-lab.info, 105.0341796875, 0.066
wsn430-9.grenoble.iot-lab.info, 105.134033203125, 0.0813
wsn430-9.grenoble.iot-lab.info, 105.23388671875, 0.0811
wsn430-9.grenoble.iot-lab.info, 105.333740234375, 0.0811
wsn430-9.grenoble.iot-lab.info, 105.43359375, 0.0811
wsn430-9.grenoble.iot-lab.info, 105.533447265625, 0.0811
wsn430-9.grenoble.iot-lab.info, 105.63330078125, 0.0809
wsn430-9.grenoble.iot-lab.info, 105.733154296875, 0.0813
wsn430-9.grenoble.iot-lab.info, 105.8330078125, 0.0813
wsn430-9.grenoble.iot-lab.info, 105.932861328125, 0.0811
wsn430-9.grenoble.iot-lab.info, 106.03271484375, 0.0888
wsn430-9.grenoble.iot-lab.info, 106.132568359375, 0.1126
wsn430-9.grenoble.iot-lab.info, 106.232421875, 0.1124
wsn430-9.grenoble.iot-lab.info, 106.332275390625, 0.1126
wsn430-9.grenoble.iot-lab.info, 106.43212890625, 0.1124
wsn430-9.grenoble.iot-lab.info, 106.531982421875, 0.1124
wsn430-9.grenoble.iot-lab.info, 106.6318359375, 0.1124
wsn430-9.grenoble.iot-lab.info, 106.731689453125, 0.1124
wsn430-9.grenoble.iot-lab.info, 106.83154296875, 0.11270000000000001
wsn430-9.grenoble.iot-lab.info, 106.931396484375, 0.1124
wsn430-9.grenoble.iot-lab.info, 107.03125, 0.0753
wsn430-9.grenoble.iot-lab.info, 107.131103515625, 0.0811
wsn430-9.grenoble.iot-lab.info, 107.23095703125, 0.0813
wsn430-9.grenoble.iot-lab.info, 107.330810546875, 0.0813
wsn430-9.grenoble.iot-lab.info, 107.4306640625, 0.0813
wsn430-9.grenoble.iot-lab.info, 107.530517578125, 0.0809
wsn430-9.grenoble.iot-lab.info, 107.63037109375, 0.0811
wsn430-9.grenoble.iot-lab.info, 107.730224609375, 0.0811
wsn430-9.grenoble.iot-lab.info, 107.830078125, 0.0811
wsn430-9.grenoble.iot-lab.info, 107.929931640625, 0.0811
wsn430-9.grenoble.iot-lab.info, 108.02978515625, 0.0813
wsn430-9.grenoble.iot-lab.info, 108.129638671875, 0.11270000000000001
wsn430-9.grenoble.iot-lab.info, 108.2294921875, 0.11270000000000001
wsn430-9.grenoble.iot-lab.info, 108.329345703125, 0.1126
wsn430-9.grenoble.iot-lab.info, 108.42919921875, 0.1126
wsn430-9.grenoble.iot-lab.info, 108.529052734375, 0.1126
wsn430-9.grenoble.iot-lab.info, 108.62890625, 0.1124
wsn430-9.grenoble.iot-lab.info, 108.728759765625, 0.1126
wsn430-9.grenoble.iot-lab.info, 108.82861328125, 0.1126
wsn430-9.grenoble.iot-lab.info, 108.928466796875, 0.1124
wsn430-9.grenoble.iot-lab.info, 109.0283203125, 0.1091
wsn430-9.grenoble.iot-lab.info, 109.128173828125, 0.0809
wsn430-9.grenoble.iot-lab.info, 109.22802734375, 0.0811
wsn430-9.grenoble.iot-lab.info, 109.327880859375, 0.0811
wsn430-9.grenoble.iot-lab.info, 109.427734375, 0.0813
wsn430-9.grenoble.iot-lab.info, 109.527587890625, 0.0811
wsn430-9.grenoble.iot-lab.info, 109.62744140625, 0.0811
wsn430-9.grenoble.iot-lab.info, 109.727294921875, 0.0811
wsn430-9.grenoble.iot-lab.info, 109.8271484375, 0.0811
wsn430-9.grenoble.iot-lab.info, 109.927001953125, 0.0809
wsn430-9.grenoble.iot-lab.info, 110.02685546875, 0.10350000000000001
wsn430-9.grenoble.iot-lab.info, 110.126708984375, 0.1129
wsn430-9.grenoble.iot-lab.info, 110.2265625, 0.1126
wsn430-9.grenoble.iot-lab.info, 110.326416015625, 0.1126
wsn430-9.grenoble.iot-lab.info, 110.42626953125, 0.11270000000000001
wsn430-9.grenoble.iot-lab.info, 110.526123046875, 0.1126
wsn430-9.grenoble.iot-lab.info, 110.6259765625, 0.1124
wsn430-9.grenoble.iot-lab.info, 110.725830078125, 0.1124
wsn430-9.grenoble.iot-lab.info, 110.82568359375, 0.1124
wsn430-9.grenoble.iot-lab.info, 110.925537109375, 0.1126
wsn430-9.grenoble.iot-lab.info, 111.025390625, 0.11220000000000001
wsn430-9.grenoble.iot-lab.info, 111.125244140625, 0.0811
wsn430-9.grenoble.iot-lab.info, 111.22509765625, 0.0811
wsn430-9.grenoble.iot-lab.info, 111.324951171875, 0.0811
wsn430-9.grenoble.iot-lab.info, 111.4248046875, 0.0811
wsn430-9.grenoble.iot-lab.info, 111.524658203125, 0.0811
wsn430-9.grenoble.iot-lab.info, 111.62451171875, 0.0811
wsn430-9.grenoble.iot-lab.info, 111.724365234375, 0.0811
wsn430-9.grenoble.iot-lab.info, 111.82421875, 0.0813
wsn430-9.grenoble.iot-lab.info, 111.924072265625, 0.0813
wsn430-9.grenoble.iot-lab.info, 112.02392578125, 0.0688
wsn430-9.grenoble.iot-lab.info, 112.123779296875, 0.11270000000000001
wsn430-9.grenoble.iot-lab.info, 112.2236328125, 0.11270000000000001
wsn430-9.grenoble.iot-lab.info, 112.323486328125, 0.1124
wsn430-9.grenoble.iot-lab.info, 112.42333984375, 0.1124
wsn430-9.grenoble.iot-lab.info, 112.523193359375, 0.1126
wsn430-9.grenoble.iot-lab.info, 112.623046875, 0.11270000000000001
wsn430-9.grenoble.iot-lab.info, 112.722900390625, 0.1124
wsn430-9.grenoble.iot-lab.info, 112.82275390625, 0.1126
wsn430-9.grenoble.iot-lab.info, 112.922607421875, 0.11270000000000001
wsn430-9.grenoble.iot-lab.info, 113.0224609375, 0.0716
wsn430-9.grenoble.iot-lab.info, 113.122314453125, 0.0809
wsn430-9.grenoble.iot-lab.info, 113.22216796875, 0.0809
wsn430-9.grenoble.iot-lab.info, 113.322021484375, 0.0811
wsn430-9.grenoble.iot-lab.info, 113.421875, 0.0809
wsn430-9.grenoble.iot-lab.info, 113.521728515625, 0.0809
wsn430-9.grenoble.iot-lab.info, 113.62158203125, 0.0811
wsn430-9.grenoble.iot-lab.info, 113.721435546875, 0.08080000000000001
wsn430-9.grenoble.iot-lab.info, 113.8212890625, 0.0811
wsn430-9.grenoble.iot-lab.info, 113.921142578125, 0.0811
wsn430-9.grenoble.iot-lab.info, 114.02099609375, 0.08080000000000001
wsn430-9.grenoble.iot-lab.info, 114.120849609375, 0.1124
wsn430-9.grenoble.iot-lab.info, 114.220703125, 0.11220000000000001
wsn430-9.grenoble.iot-lab.info, 114.320556640625, 0.11270000000000001
wsn430-9.grenoble.iot-lab.info, 114.42041015625, 0.1126
wsn430-9.grenoble.iot-lab.info, 114.520263671875, 0.1126
wsn430-9.grenoble.iot-lab.info, 114.6201171875, 0.1124
wsn430-9.grenoble.iot-lab.info, 114.719970703125, 0.1126
wsn430-9.grenoble.iot-lab.info, 114.81982421875, 0.1126
wsn430-9.grenoble.iot-lab.info, 114.919677734375, 0.1126
wsn430-9.grenoble.iot-lab.info, 115.01953125, 0.10650000000000001
wsn430-9.grenoble.iot-lab.info, 115.119384765625, 0.0809
wsn430-9.grenoble.iot-lab.info, 115.21923828125, 0.0811
wsn430-9.grenoble.iot-lab.info, 115.319091796875, 0.0811
wsn430-9.grenoble.iot-lab.info, 115.4189453125, 0.0811
wsn430-9.grenoble.iot-lab.info, 115.518798828125, 0.0809
wsn430-9.grenoble.iot-lab.info, 115.61865234375, 0.0811
wsn430-9.grenoble.iot-lab.info, 115.718505859375, 0.0811
wsn430-9.grenoble.iot-lab.info, 115.818359375, 0.0811
wsn430-9.grenoble.iot-lab.info, 115.918212890625, 0.0811
wsn430-9.grenoble.iot-lab.info, 116.01806640625, 0.0809
wsn430-9.grenoble.iot-lab.info, 116.117919921875, 0.11270000000000001
wsn430-9.grenoble.iot-lab.info, 116.2177734375, 0.1126
wsn430-9.grenoble.iot-lab.info, 116.317626953125, 0.11270000000000001
wsn430-9.grenoble.iot-lab.info, 116.41748046875, 0.1126
wsn430-9.grenoble.iot-lab.info, 116.517333984375, 0.11220000000000001
wsn430-9.grenoble.iot-lab.info, 116.6171875, 0.1124
wsn430-9.grenoble.iot-lab.info, 116.717041015625, 0.11270000000000001
wsn430-9.grenoble.iot-lab.info, 116.81689453125, 0.1124
wsn430-9.grenoble.iot-lab.info, 116.916748046875, 0.1126
wsn430-9.grenoble.iot-lab.info, 117.0166015625, 0.1121
wsn430-9.grenoble.iot-lab.info, 117.116455078125, 0.0811
wsn430-9.grenoble.iot-lab.info, 117.21630859375, 0.0813
wsn430-9.grenoble.iot-lab.info, 117.316162109375, 0.0809
wsn430-9.grenoble.iot-lab.info, 117.416015625, 0.0809
wsn430-9.grenoble.iot-lab.info, 117.515869140625, 0.0809
wsn430-9.grenoble.iot-lab.info, 117.61572265625, 0.0809
wsn430-9.grenoble.iot-lab.info, 117.715576171875, 0.0811
wsn430-9.grenoble.iot-lab.info, 117.8154296875, 0.0811
wsn430-9.grenoble.iot-lab.info, 117.915283203125, 0.0811
wsn430-9.grenoble.iot-lab.info, 118.01513671875, 0.0721
wsn430-9.grenoble.iot-lab.info, 118.114990234375, 0.11270000000000001
wsn430-9.grenoble.iot-lab.info, 118.21484375, 0.1126
wsn430-9.grenoble.iot-lab.info, 118.314697265625, 0.1126
wsn430-9.grenoble.iot-lab.info, 118.41455078125, 0.1126
wsn430-9.grenoble.iot-lab.info, 118.514404296875, 0.11220000000000001
wsn430-9.grenoble.iot-lab.info, 118.6142578125, 0.1126
wsn430-9.grenoble.iot-lab.info, 118.714111328125, 0.1126
wsn430-9.grenoble.iot-lab.info, 118.81396484375, 0.1126
wsn430-9.grenoble.iot-lab.info, 118.913818359375, 0.1126
wsn430-9.grenoble.iot-lab.info, 119.013671875, 0.1124
wsn430-9.grenoble.iot-lab.info, 119.113525390625, 0.0809
wsn430-9.grenoble.iot-lab.info, 119.21337890625, 0.0809
wsn430-9.grenoble.iot-lab.info, 119.313232421875, 0.0811
wsn430-9.grenoble.iot-lab.info, 119.4130859375, 0.0811
wsn430-9.grenoble.iot-lab.info, 119.512939453125, 0.0809
wsn430-9.grenoble.iot-lab.info, 119.61279296875, 0.0811
wsn430-9.grenoble.iot-lab.info, 119.712646484375, 0.0811
wsn430-9.grenoble.iot-lab.info, 119.8125, 0.08080000000000001
wsn430-9.grenoble.iot-lab.info, 119.912353515625, 0.0811
wsn430-9.grenoble.iot-lab.info, 120.01220703125, 0.0854
wsn430-9.grenoble.iot-lab.info, 120.112060546875, 0.1126
wsn430-9.grenoble.iot-lab.info, 120.2119140625, 0.1124
wsn430-9.grenoble.iot-lab.info, 120.311767578125, 0.1126
wsn430-9.grenoble.iot-lab.info, 120.41162109375, 0.1124
wsn430-9.grenoble.iot-lab.info, 120.511474609375, 0.11220000000000001
wsn430-9.grenoble.iot-lab.info, 120.611328125, 0.1126
wsn430-9.grenoble.iot-lab.info, 120.711181640625, 0.1126
wsn430-9.grenoble.iot-lab.info, 120.81103515625, 0.1124
wsn430-9.grenoble.iot-lab.info, 120.910888671875, 0.1124
wsn430-9.grenoble.iot-lab.info, 121.0107421875, 0.1034
wsn430-9.grenoble.iot-lab.info, 121.110595703125, 0.0809
wsn430-9.grenoble.iot-lab.info, 121.21044921875, 0.0811
wsn430-9.grenoble.iot-lab.info, 121.310302734375, 0.0809
wsn430-9.grenoble.iot-lab.info, 121.41015625, 0.0811
wsn430-9.grenoble.iot-lab.info, 121.510009765625, 0.0809
wsn430-9.grenoble.iot-lab.info, 121.60986328125, 0.0809
wsn430-9.grenoble.iot-lab.info, 121.709716796875, 0.0811
wsn430-9.grenoble.iot-lab.info, 121.8095703125, 0.0809
wsn430-9.grenoble.iot-lab.info, 121.909423828125, 0.0809
wsn430-9.grenoble.iot-lab.info, 122.00927734375, 0.0811
wsn430-9.grenoble.iot-lab.info, 122.109130859375, 0.11220000000000001
wsn430-9.grenoble.iot-lab.info, 122.208984375, 0.1126
wsn430-9.grenoble.iot-lab.info, 122.308837890625, 0.1126
wsn430-9.grenoble.iot-lab.info, 122.40869140625, 0.1124
wsn430-9.grenoble.iot-lab.info, 122.508544921875, 0.1124
wsn430-9.grenoble.iot-lab.info, 122.6083984375, 0.1124
wsn430-9.grenoble.iot-lab.info, 122.708251953125, 0.1124
wsn430-9.grenoble.iot-lab.info, 122.80810546875, 0.1124
wsn430-9.grenoble.iot-lab.info, 122.907958984375, 0.11220000000000001
wsn430-9.grenoble.iot-lab.info, 123.0078125, 0.11040000000000001
wsn430-9.grenoble.iot-lab.info, 123.107666015625, 0.08320000000000001
wsn430-9.grenoble.iot-lab.info, 123.20751953125, 0.0809
